Workbook

Sheet Contracts
A1: Contract Inputs
A2: Blue = hardcoded input. These feed every other sheet. All values CAD.
A4: Row | B4: Customer | C4: Plan | D4: Billing | E4: Annual Value | F4: Monthly Value | G4: Start Month | H4: Start Idx | I4: Active? | J4: Churn Month | K4: Churn Type | L4: Fixed Fee/mo
A5: 1 | B5: Aurora Retail | C5: Growth | D5: Annual | E5: 4800 | F5: =E5/12 -> 400 | G5: Jan | H5: 0 | I5: Yes | L5: 0
A6: 2 | B6: Beacon Health | C6: Enterprise | D6: Annual | E6: 18000 | F6: =E6/12 -> 1500 | G6: Jan | H6: 0 | I6: Yes | L6: 0
A7: 5 | B7: Everest Fintech | C7: Enterprise | D7: Annual | E7: 18000 | F7: =E7/12 -> 1500 | G7: Apr | H7: 3 | I7: Yes | L7: 0
A8: 6 | B8: Fjord Media | C8: Growth | D8: Annual | E8: 4800 | F8: =E8/12 -> 400 | G8: May | H8: 4 | I8: Yes | L8: 0
A9: 7 | B9: Glacier Foods | C9: Starter | D9: Monthly | E9: 1200 | F9: =E9/12 -> 100 | G9: Jun | H9: 5 | I9: No | J9: Oct | L9: 0
A10: 8 | B10: Harbour Analytics | C10: Enterprise | D10: Monthly | E10: 18000 | F10: =E10/12 -> 1500 | G10: Jul | H10: 6 | I10: Yes | L10: 0
A11: 9 | B11: Iron Systems | C11: Growth | D11: Annual | E11: 4800 | F11: =E11/12 -> 400 | G11: Aug | H11: 7 | I11: Yes | L11: 0
A12: 10 | B12: Juniper SaaS | C12: Starter | D12: Annual | E12: 1200 | F12: =E12/12 -> 100 | G12: Sep | H12: 8 | I12: Yes | L12: 0
A13: 11 | B13: Kestrel Robotics | C13: Growth | D13: Annual | E13: 4800 | F13: =E13/12 -> 400 | G13: Feb | H13: 1 | I13: No | J13: Aug | K13: forfeit | L13: 0
A14: 12 | B14: Larch Biotech | C14: Enterprise | D14: Annual | E14: 18000 | F14: =E14/12 -> 1500 | G14: Mar | H14: 2 | I14: No | J14: Sep | K14: refund | L14: 0
A15: 13 | B15: Meridian Data | C15: Usage | D15: Usage | E15: 0 | F15: =E15/12 -> 0 | G15: Mar | H15: 2 | I15: Yes | L15: 0
A16: 14 | B16: Nimbus Networks | C16: Hybrid | D16: Usage | E16: 0 | F16: =E16/12 -> 0 | G16: Apr | H16: 3 | I16: Yes | L16: 800

Sheet Recognized Rev
A1: Recognized Revenue — per customer, per month
A2: Subscription: recognized = Annual/12 for each month in service (start ≤ month < churn). Annual forfeit adds remaining deferred to revenue in the churn month. Usage: pulled from Usage Rev sheet.
A4: Customer | B4: Billing | C4: Jan | D4: Feb | E4: Mar | F4: Apr | G4: May | H4: Jun | I4: Jul | J4: Aug | K4: Sep | L4: Oct | M4: Nov | N4: Dec | O4: Total
A5: Aurora Retail | B5: Annual | C5: =IF(AND(0>=Contracts!$H$5, 0<12), Contracts!$F$5, 0) -> 400 | D5: =IF(AND(1>=Contracts!$H$5, 1<12), Contracts!$F$5, 0) -> 400 | E5: =IF(AND(2>=Contracts!$H$5, 2<12), Contracts!$F$5, 0) -> 400 | F5: =IF(AND(3>=Contracts!$H$5, 3<12), Contracts!$F$5, 0) -> 400 | G5: =IF(AND(4>=Contracts!$H$5, 4<12), Contracts!$F$5, 0) -> 400 | H5: =IF(AND(5>=Contracts!$H$5, 5<12), Contracts!$F$5, 0) + (200) -> 600 | I5: =IF(AND(6>=Contracts!$H$5, 6<12), Contracts!$F$5, 0) + (200) -> 600 | J5: =IF(AND(7>=Contracts!$H$5, 7<12), Contracts!$F$5, 0) + (200) -> 600 | K5: =IF(AND(8>=Contracts!$H$5, 8<12), Contracts!$F$5, 0) + (200) -> 600 | L5: =IF(AND(9>=Contracts!$H$5, 9<12), Contracts!$F$5, 0) + (200) -> 600 | M5: =IF(AND(10>=Contracts!$H$5, 10<12), Contracts!$F$5, 0) + (200) -> 600 | N5: =IF(AND(11>=Contracts!$H$5, 11<12), Contracts!$F$5, 0) + (200) -> 600 | O5: =SUM(C5:N5) -> 6200
A6: Beacon Health | B6: Annual | C6: =IF(AND(0>=Contracts!$H$6, 0<12), Contracts!$F$6, 0) -> 1500 | D6: =IF(AND(1>=Contracts!$H$6, 1<12), Contracts!$F$6, 0) -> 1500 | E6: =IF(AND(2>=Contracts!$H$6, 2<12), Contracts!$F$6, 0) -> 1500 | F6: =IF(AND(3>=Contracts!$H$6, 3<12), Contracts!$F$6, 0) -> 1500 | G6: =IF(AND(4>=Contracts!$H$6, 4<12), Contracts!$F$6, 0) -> 1500 | H6: =IF(AND(5>=Contracts!$H$6, 5<12), Contracts!$F$6, 0) -> 1500 | I6: =IF(AND(6>=Contracts!$H$6, 6<12), Contracts!$F$6, 0) + (-300) -> 1200 | J6: =IF(AND(7>=Contracts!$H$6, 7<12), Contracts!$F$6, 0) + (-300) -> 1200 | K6: =IF(AND(8>=Contracts!$H$6, 8<12), Contracts!$F$6, 0) + (-300) -> 1200 | L6: =IF(AND(9>=Contracts!$H$6, 9<12), Contracts!$F$6, 0) + (-300) -> 1200 | M6: =IF(AND(10>=Contracts!$H$6, 10<12), Contracts!$F$6, 0) + (-300) -> 1200 | N6: =IF(AND(11>=Contracts!$H$6, 11<12), Contracts!$F$6, 0) + (-300) -> 1200 | O6: =SUM(C6:N6) -> 16200
A7: Everest Fintech | B7: Annual | C7: =IF(AND(0>=Contracts!$H$7, 0<12), Contracts!$F$7, 0) -> 0 | D7: =IF(AND(1>=Contracts!$H$7, 1<12), Contracts!$F$7, 0) -> 0 | E7: =IF(AND(2>=Contracts!$H$7, 2<12), Contracts!$F$7, 0) -> 0 | F7: =IF(AND(3>=Contracts!$H$7, 3<12), Contracts!$F$7, 0) -> 1500 | G7: =IF(AND(4>=Contracts!$H$7, 4<12), Contracts!$F$7, 0) -> 1500 | H7: =IF(AND(5>=Contracts!$H$7, 5<12), Contracts!$F$7, 0) -> 1500 | I7: =IF(AND(6>=Contracts!$H$7, 6<12), Contracts!$F$7, 0) -> 1500 | J7: =IF(AND(7>=Contracts!$H$7, 7<12), Contracts!$F$7, 0) -> 1500 | K7: =IF(AND(8>=Contracts!$H$7, 8<12), Contracts!$F$7, 0) -> 1500 | L7: =IF(AND(9>=Contracts!$H$7, 9<12), Contracts!$F$7, 0) -> 1500 | M7: =IF(AND(10>=Contracts!$H$7, 10<12), Contracts!$F$7, 0) -> 1500 | N7: =IF(AND(11>=Contracts!$H$7, 11<12), Contracts!$F$7, 0) -> 1500 | O7: =SUM(C7:N7) -> 13500
A8: Fjord Media | B8: Annual | C8: =IF(AND(0>=Contracts!$H$8, 0<12), Contracts!$F$8, 0) -> 0 | D8: =IF(AND(1>=Contracts!$H$8, 1<12), Contracts!$F$8, 0) -> 0 | E8: =IF(AND(2>=Contracts!$H$8, 2<12), Contracts!$F$8, 0) -> 0 | F8: =IF(AND(3>=Contracts!$H$8, 3<12), Contracts!$F$8, 0) -> 0 | G8: =IF(AND(4>=Contracts!$H$8, 4<12), Contracts!$F$8, 0) -> 400 | H8: =IF(AND(5>=Contracts!$H$8, 5<12), Contracts!$F$8, 0) -> 400 | I8: =IF(AND(6>=Contracts!$H$8, 6<12), Contracts!$F$8, 0) -> 400 | J8: =IF(AND(7>=Contracts!$H$8, 7<12), Contracts!$F$8, 0) -> 400 | K8: =IF(AND(8>=Contracts!$H$8, 8<12), Contracts!$F$8, 0) -> 400 | L8: =IF(AND(9>=Contracts!$H$8, 9<12), Contracts!$F$8, 0) -> 400 | M8: =IF(AND(10>=Contracts!$H$8, 10<12), Contracts!$F$8, 0) -> 400 | N8: =IF(AND(11>=Contracts!$H$8, 11<12), Contracts!$F$8, 0) -> 400 | O8: =SUM(C8:N8) -> 3200
A9: Glacier Foods | B9: Monthly | C9: =IF(AND(0>=Contracts!$H$9, 0<9), Contracts!$F$9, 0) -> 0 | D9: =IF(AND(1>=Contracts!$H$9, 1<9), Contracts!$F$9, 0) -> 0 | E9: =IF(AND(2>=Contracts!$H$9, 2<9), Contracts!$F$9, 0) -> 0 | F9: =IF(AND(3>=Contracts!$H$9, 3<9), Contracts!$F$9, 0) -> 0 | G9: =IF(AND(4>=Contracts!$H$9, 4<9), Contracts!$F$9, 0) -> 0 | H9: =IF(AND(5>=Contracts!$H$9, 5<9), Contracts!$F$9, 0) -> 100 | I9: =IF(AND(6>=Contracts!$H$9, 6<9), Contracts!$F$9, 0) -> 100 | J9: =IF(AND(7>=Contracts!$H$9, 7<9), Contracts!$F$9, 0) -> 100 | K9: =IF(AND(8>=Contracts!$H$9, 8<9), Contracts!$F$9, 0) -> 100 | L9: =IF(AND(9>=Contracts!$H$9, 9<9), Contracts!$F$9, 0) -> 0 | M9: =IF(AND(10>=Contracts!$H$9, 10<9), Contracts!$F$9, 0) -> 0 | N9: =IF(AND(11>=Contracts!$H$9, 11<9), Contracts!$F$9, 0) -> 0 | O9: =SUM(C9:N9) -> 400
A10: Harbour Analytics | B10: Monthly | C10: =IF(AND(0>=Contracts!$H$10, 0<12), Contracts!$F$10, 0) -> 0 | D10: =IF(AND(1>=Contracts!$H$10, 1<12), Contracts!$F$10, 0) -> 0 | E10: =IF(AND(2>=Contracts!$H$10, 2<12), Contracts!$F$10, 0) -> 0 | F10: =IF(AND(3>=Contracts!$H$10, 3<12), Contracts!$F$10, 0) -> 0 | G10: =IF(AND(4>=Contracts!$H$10, 4<12), Contracts!$F$10, 0) -> 0 | H10: =IF(AND(5>=Contracts!$H$10, 5<12), Contracts!$F$10, 0) -> 0 | I10: =IF(AND(6>=Contracts!$H$10, 6<12), Contracts!$F$10, 0) -> 1500 | J10: =IF(AND(7>=Contracts!$H$10, 7<12), Contracts!$F$10, 0) -> 1500 | K10: =IF(AND(8>=Contracts!$H$10, 8<12), Contracts!$F$10, 0) -> 1500 | L10: =IF(AND(9>=Contracts!$H$10, 9<12), Contracts!$F$10, 0) -> 1500 | M10: =IF(AND(10>=Contracts!$H$10, 10<12), Contracts!$F$10, 0) -> 1500 | N10: =IF(AND(11>=Contracts!$H$10, 11<12), Contracts!$F$10, 0) -> 1500 | O10: =SUM(C10:N10) -> 9000
A11: Iron Systems | B11: Annual | C11: =IF(AND(0>=Contracts!$H$11, 0<12), Contracts!$F$11, 0) -> 0 | D11: =IF(AND(1>=Contracts!$H$11, 1<12), Contracts!$F$11, 0) -> 0 | E11: =IF(AND(2>=Contracts!$H$11, 2<12), Contracts!$F$11, 0) -> 0 | F11: =IF(AND(3>=Contracts!$H$11, 3<12), Contracts!$F$11, 0) -> 0 | G11: =IF(AND(4>=Contracts!$H$11, 4<12), Contracts!$F$11, 0) -> 0 | H11: =IF(AND(5>=Contracts!$H$11, 5<12), Contracts!$F$11, 0) -> 0 | I11: =IF(AND(6>=Contracts!$H$11, 6<12), Contracts!$F$11, 0) -> 0 | J11: =IF(AND(7>=Contracts!$H$11, 7<12), Contracts!$F$11, 0) -> 400 | K11: =IF(AND(8>=Contracts!$H$11, 8<12), Contracts!$F$11, 0) -> 400 | L11: =IF(AND(9>=Contracts!$H$11, 9<12), Contracts!$F$11, 0) -> 400 | M11: =IF(AND(10>=Contracts!$H$11, 10<12), Contracts!$F$11, 0) -> 400 | N11: =IF(AND(11>=Contracts!$H$11, 11<12), Contracts!$F$11, 0) -> 400 | O11: =SUM(C11:N11) -> 2000
A12: Juniper SaaS | B12: Annual | C12: =IF(AND(0>=Contracts!$H$12, 0<12), Contracts!$F$12, 0) -> 0 | D12: =IF(AND(1>=Contracts!$H$12, 1<12), Contracts!$F$12, 0) -> 0 | E12: =IF(AND(2>=Contracts!$H$12, 2<12), Contracts!$F$12, 0) -> 0 | F12: =IF(AND(3>=Contracts!$H$12, 3<12), Contracts!$F$12, 0) -> 0 | G12: =IF(AND(4>=Contracts!$H$12, 4<12), Contracts!$F$12, 0) -> 0 | H12: =IF(AND(5>=Contracts!$H$12, 5<12), Contracts!$F$12, 0) -> 0 | I12: =IF(AND(6>=Contracts!$H$12, 6<12), Contracts!$F$12, 0) -> 0 | J12: =IF(AND(7>=Contracts!$H$12, 7<12), Contracts!$F$12, 0) -> 0 | K12: =IF(AND(8>=Contracts!$H$12, 8<12), Contracts!$F$12, 0) -> 100 | L12: =IF(AND(9>=Contracts!$H$12, 9<12), Contracts!$F$12, 0) -> 100 | M12: =IF(AND(10>=Contracts!$H$12, 10<12), Contracts!$F$12, 0) -> 100 | N12: =IF(AND(11>=Contracts!$H$12, 11<12), Contracts!$F$12, 0) -> 100 | O12: =SUM(C12:N12) -> 400
A13: Kestrel Robotics | B13: Annual | C13: =IF(AND(0>=Contracts!$H$13, 0<7), Contracts!$F$13, 0) + IF(0=7, (Contracts!$E$13 - 6*Contracts!$F$13), 0) -> 0 | D13: =IF(AND(1>=Contracts!$H$13, 1<7), Contracts!$F$13, 0) + IF(1=7, (Contracts!$E$13 - 6*Contracts!$F$13), 0) -> 400 | E13: =IF(AND(2>=Contracts!$H$13, 2<7), Contracts!$F$13, 0) + IF(2=7, (Contracts!$E$13 - 6*Contracts!$F$13), 0) -> 400 | F13: =IF(AND(3>=Contracts!$H$13, 3<7), Contracts!$F$13, 0) + IF(3=7, (Contracts!$E$13 - 6*Contracts!$F$13), 0) -> 400 | G13: =IF(AND(4>=Contracts!$H$13, 4<7), Contracts!$F$13, 0) + IF(4=7, (Contracts!$E$13 - 6*Contracts!$F$13), 0) -> 400 | H13: =IF(AND(5>=Contracts!$H$13, 5<7), Contracts!$F$13, 0) + IF(5=7, (Contracts!$E$13 - 6*Contracts!$F$13), 0) -> 400 | I13: =IF(AND(6>=Contracts!$H$13, 6<7), Contracts!$F$13, 0) + IF(6=7, (Contracts!$E$13 - 6*Contracts!$F$13), 0) -> 400 | J13: =IF(AND(7>=Contracts!$H$13, 7<7), Contracts!$F$13, 0) + IF(7=7, (Contracts!$E$13 - 6*Contracts!$F$13), 0) -> 2400 | K13: =IF(AND(8>=Contracts!$H$13, 8<7), Contracts!$F$13, 0) + IF(8=7, (Contracts!$E$13 - 6*Contracts!$F$13), 0) -> 0 | L13: =IF(AND(9>=Contracts!$H$13, 9<7), Contracts!$F$13, 0) + IF(9=7, (Contracts!$E$13 - 6*Contracts!$F$13), 0) -> 0 | M13: =IF(AND(10>=Contracts!$H$13, 10<7), Contracts!$F$13, 0) + IF(10=7, (Contracts!$E$13 - 6*Contracts!$F$13), 0) -> 0 | N13: =IF(AND(11>=Contracts!$H$13, 11<7), Contracts!$F$13, 0) + IF(11=7, (Contracts!$E$13 - 6*Contracts!$F$13), 0) -> 0 | O13: =SUM(C13:N13) -> 4800
A14: Larch Biotech | B14: Annual | C14: =IF(AND(0>=Contracts!$H$14, 0<8), Contracts!$F$14, 0) -> 0 | D14: =IF(AND(1>=Contracts!$H$14, 1<8), Contracts!$F$14, 0) -> 0 | E14: =IF(AND(2>=Contracts!$H$14, 2<8), Contracts!$F$14, 0) -> 1500 | F14: =IF(AND(3>=Contracts!$H$14, 3<8), Contracts!$F$14, 0) -> 1500 | G14: =IF(AND(4>=Contracts!$H$14, 4<8), Contracts!$F$14, 0) -> 1500 | H14: =IF(AND(5>=Contracts!$H$14, 5<8), Contracts!$F$14, 0) -> 1500 | I14: =IF(AND(6>=Contracts!$H$14, 6<8), Contracts!$F$14, 0) -> 1500 | J14: =IF(AND(7>=Contracts!$H$14, 7<8), Contracts!$F$14, 0) -> 1500 | K14: =IF(AND(8>=Contracts!$H$14, 8<8), Contracts!$F$14, 0) -> 0 | L14: =IF(AND(9>=Contracts!$H$14, 9<8), Contracts!$F$14, 0) -> 0 | M14: =IF(AND(10>=Contracts!$H$14, 10<8), Contracts!$F$14, 0) -> 0 | N14: =IF(AND(11>=Contracts!$H$14, 11<8), Contracts!$F$14, 0) -> 0 | O14: =SUM(C14:N14) -> 9000
A15: Meridian Data | B15: Usage | C15: ='Usage Rev'!C7 -> 0 | D15: ='Usage Rev'!D7 -> 0 | E15: ='Usage Rev'!E7 -> 3200 | F15: ='Usage Rev'!F7 -> 3600 | G15: ='Usage Rev'!G7 -> 3100 | H15: ='Usage Rev'!H7 -> 4200 | I15: ='Usage Rev'!I7 -> 4800 | J15: ='Usage Rev'!J7 -> 4500 | ... N15: ='Usage Rev'!N7 -> 6100 | O15: =SUM(C15:N15) -> 45400
A16: Nimbus Networks | B16: Usage | C16: ='Usage Rev'!C11 -> 0 | D16: ='Usage Rev'!D11 -> 0 | E16: ='Usage Rev'!E11 -> 0 | F16: ='Usage Rev'!F11 -> 2300 | G16: ='Usage Rev'!G11 -> 2600 | H16: ='Usage Rev'!H11 -> 2450 | I16: ='Usage Rev'!I11 -> 2900 | J16: ='Usage Rev'!J11 -> 3200 | ... N16: ='Usage Rev'!N11 -> 3850 | O16: =SUM(C16:N16) -> 27450
A17: TOTAL (model) | C17: =SUM(C5:C16) -> 1900 | D17: =SUM(D5:D16) -> 2300 | E17: =SUM(E5:E16) -> 7000 | F17: =SUM(F5:F16) -> 11200 | G17: =SUM(G5:G16) -> 11400 | H17: =SUM(H5:H16) -> 12650 | I17: =SUM(I5:I16) -> 14900 | J17: =SUM(J5:J16) -> 17300 | ... N17: =SUM(N5:N16) -> 15650 | O17: =SUM(C17:N17) -> 137550

Sheet Usage Rev
A1: Usage Revenue — per customer, per month
A2: Usage recognized as consumed (billed in arrears, no deferred). Hybrid customers also carry a fixed platform fee, shown on its own line. Usage amounts (blue) are metered consumption per month.
A4: Customer | B4: Component | C4: Jan | D4: Feb | E4: Mar | F4: Apr | G4: May | H4: Jun | I4: Jul | J4: Aug | K4: Sep | L4: Oct | M4: Nov | N4: Dec | O4: Total
A5: Meridian Data | B5: Usage (variable) | C5: 0 | D5: 0 | E5: 3200 | F5: 3600 | G5: 3100 | H5: 4200 | I5: 4800 | J5: 4500 | K5: 5300 | L5: 5000 | M5: 5600 | N5: 6100 | O5: =SUM(C5:N5) -> 45400
B6: Fixed platform fee | C6: 0 | D6: 0 | E6: 0 | F6: 0 | G6: 0 | H6: 0 | I6: 0 | J6: 0 | K6: 0 | L6: 0 | M6: 0 | N6: 0 | O6: =SUM(C6:N6) -> 0
B7: Total recognized | C7: =C5+C6 -> 0 | D7: =D5+D6 -> 0 | E7: =E5+E6 -> 3200 | F7: =F5+F6 -> 3600 | G7: =G5+G6 -> 3100 | H7: =H5+H6 -> 4200 | I7: =I5+I6 -> 4800 | J7: =J5+J6 -> 4500 | ... N7: =N5+N6 -> 6100 | O7: =SUM(C7:N7) -> 45400
A9: Nimbus Networks | B9: Usage (variable) | C9: 0 | D9: 0 | E9: 0 | F9: 1500 | G9: 1800 | H9: 1650 | I9: 2100 | J9: 2400 | K9: 2250 | L9: 2600 | M9: 2900 | N9: 3050 | O9: =SUM(C9:N9) -> 20250
B10: Fixed platform fee | C10: 0 | D10: 0 | E10: 0 | F10: 800 | G10: 800 | H10: 800 | I10: 800 | J10: 800 | K10: 800 | L10: 800 | M10: 800 | N10: 800 | O10: =SUM(C10:N10) -> 7200
B11: Total recognized | C11: =C9+C10 -> 0 | D11: =D9+D10 -> 0 | E11: =E9+E10 -> 0 | F11: =F9+F10 -> 2300 | G11: =G9+G10 -> 2600 | H11: =H9+H10 -> 2450 | I11: =I9+I10 -> 2900 | J11: =J9+J10 -> 3200 | ... N11: =N9+N10 -> 3850 | O11: =SUM(C11:N11) -> 27450
A13: Roll-ups:
A14: Usage (excl. fixed) | B14: pure usage | C14: =C5+C9 -> 0 | D14: =D5+D9 -> 0 | E14: =E5+E9 -> 3200 | F14: =F5+F9 -> 5100 | G14: =G5+G9 -> 4900 | H14: =H5+H9 -> 5850 | I14: =I5+I9 -> 6900 | J14: =J5+J9 -> 6900 | ... N14: =N5+N9 -> 9150 | O14: =SUM(C14:N14) -> 65650
A15: Fixed fees (recurring) | B15: into MRR | C15: =C6+C10 -> 0 | D15: =D6+D10 -> 0 | E15: =E6+E10 -> 0 | F15: =F6+F10 -> 800 | G15: =G6+G10 -> 800 | H15: =H6+H10 -> 800 | I15: =I6+I10 -> 800 | J15: =J6+J10 -> 800 | ... N15: =N6+N10 -> 800 | O15: =SUM(C15:N15) -> 7200

Sheet Deferred Rev
A1: Deferred Revenue — rollforward
A2: Deferred = cumulative (Bookings − Recognized − Refunds). Annual contracts book the full year at start; monthly/usage book as they recognize (no deferred). Refund clears remaining deferred to cash.
A4: Month | B4: Bookings | C4: Recognized | D4: Refunds | E4: Deferred (end)
A5: Jan | B5: =Contracts!$E$5 + Contracts!$E$6 -> 22800 | C5: ='Recognized Rev'!C17 -> 1900 | D5: 0 | E5: =MAX(0, B5-C5-D5) -> 20900
A6: Feb | B6: =Contracts!$E$13 -> 4800 | C6: ='Recognized Rev'!D17 -> 2300 | D6: 0 | E6: =MAX(0, E5+B6-C6-D6) -> 23400
A7: Mar | B7: =Contracts!$E$14 + 'Usage Rev'!E7 -> 21200 | C7: ='Recognized Rev'!E17 -> 7000 | D7: 0 | E7: =MAX(0, E6+B7-C7-D7) -> 37600
A8: Apr | B8: =Contracts!$E$7 + 'Usage Rev'!F7 + 'Usage Rev'!F11 -> 23900 | C8: ='Recognized Rev'!F17 -> 11200 | D8: 0 | E8: =MAX(0, E7+B8-C8-D8) -> 50300
A9: May | B9: =Contracts!$E$8 + 'Usage Rev'!G7 + 'Usage Rev'!G11 -> 10500 | C9: ='Recognized Rev'!G17 -> 11400 | D9: 0 | E9: =MAX(0, E8+B9-C9-D9) -> 49400
A10: Jun | B10: =200 + Contracts!$F$9 + 'Usage Rev'!H7 + 'Usage Rev'!H11 -> 6950 | C10: ='Recognized Rev'!H17 -> 12650 | D10: 0 | E10: =MAX(0, E9+B10-C10-D10) -> 43700
A11: Jul | B11: =200 + Contracts!$F$9 + Contracts!$F$10 + 'Usage Rev'!I7 + 'Usage Rev'!I11 -> 9500 | C11: ='Recognized Rev'!I17 -> 14900 | D11: =1800 -> 1800 | E11: =MAX(0, E10+B11-C11-D11) -> 36500
A12: Aug | B12: =200 + Contracts!$F$9 + Contracts!$F$10 + Contracts!$E$11 + 'Usage Rev'!J7 + 'Usage Rev'!J11 -> 14300 | C12: ='Recognized Rev'!J17 -> 17300 | D12: 0 | E12: =MAX(0, E11+B12-C12-D12) -> 33500
A13: Sep | B13: =200 + Contracts!$F$9 + Contracts!$F$10 + Contracts!$E$12 + 'Usage Rev'!K7 + 'Usage Rev'!K11 -> 11350 | C13: ='Recognized Rev'!K17 -> 14150 | D13: =(Contracts!$E$14 - 6*Contracts!$F$14) -> 9000 | E13: =MAX(0, E12+B13-C13-D13) -> 21700
A14: Oct | B14: =200 + Contracts!$F$10 + 'Usage Rev'!L7 + 'Usage Rev'!L11 -> 10100 | C14: ='Recognized Rev'!L17 -> 14100 | D14: 0 | E14: =MAX(0, E13+B14-C14-D14) -> 17700
A15: Nov | B15: =200 + Contracts!$F$10 + 'Usage Rev'!M7 + 'Usage Rev'!M11 -> 11000 | C15: ='Recognized Rev'!M17 -> 15000 | D15: 0 | E15: =MAX(0, E14+B15-C15-D15) -> 13700
A16: Dec | B16: =200 + Contracts!$F$10 + 'Usage Rev'!N7 + 'Usage Rev'!N11 -> 11650 | C16: ='Recognized Rev'!N17 -> 15650 | D16: 0 | E16: =MAX(0, E15+B16-C16-D16) -> 9700

Sheet Metrics Summary
A1: Metrics Summary — how each dashboard figure is built
A2: Every cell is a formula linking back to the other sheets. Change an input on Contracts and this recalculates.
A4: Metric | B4: Jan | C4: Feb | D4: Mar | E4: Apr | F4: May | G4: Jun | H4: Jul | I4: Aug | J4: Sep | K4: Oct | L4: Nov | M4: Dec
A5: Recognized (this mo.) | B5: ='Recognized Rev'!C17 -> 1900 | C5: ='Recognized Rev'!D17 -> 2300 | D5: ='Recognized Rev'!E17 -> 7000 | E5: ='Recognized Rev'!F17 -> 11200 | F5: ='Recognized Rev'!G17 -> 11400 | G5: ='Recognized Rev'!H17 -> 12650 | H5: ='Recognized Rev'!I17 -> 14900 | I5: ='Recognized Rev'!J17 -> 17300 | ... M5: ='Recognized Rev'!N17 -> 15650
A6: Usage Rev. (this mo.) | B6: ='Usage Rev'!C14 -> 0 | C6: ='Usage Rev'!D14 -> 0 | D6: ='Usage Rev'!E14 -> 3200 | E6: ='Usage Rev'!F14 -> 5100 | F6: ='Usage Rev'!G14 -> 4900 | G6: ='Usage Rev'!H14 -> 5850 | H6: ='Usage Rev'!I14 -> 6900 | I6: ='Usage Rev'!J14 -> 6900 | ... M6: ='Usage Rev'!N14 -> 9150
A7: Forfeit bump (one-time) | B7: =0 -> 0 | C7: =0 -> 0 | D7: =0 -> 0 | E7: =0 -> 0 | F7: =0 -> 0 | G7: =0 -> 0 | H7: =0 -> 0 | I7: =(Contracts!$E$13 - 6*Contracts!$F$13) -> 2400 | J7: =0 -> 0 | K7: =0 -> 0 | L7: =0 -> 0 | M7: =0 -> 0
A8: MRR expansion/contraction (memo) | B8: =0 -> 0 | C8: =0 -> 0 | D8: =0 -> 0 | E8: =0 -> 0 | F8: =0 -> 0 | G8: =200 -> 200 | H8: =200 + -300 -> -100 | I8: =200 + -300 -> -100 | J8: =200 + -300 -> -100 | K8: =200 + -300 -> -100 | L8: =200 + -300 -> -100 | M8: =200 + -300 -> -100
A9: MRR | B9: =B5 - B6 - B7 -> 1900 | C9: =C5 - C6 - C7 -> 2300 | D9: =D5 - D6 - D7 -> 3800 | E9: =E5 - E6 - E7 -> 6100 | F9: =F5 - F6 - F7 -> 6500 | G9: =G5 - G6 - G7 -> 6800 | H9: =H5 - H6 - H7 -> 8000 | I9: =I5 - I6 - I7 -> 8000 | ... M9: =M5 - M6 - M7 -> 6500
A10: ARR | B10: =B9*12 -> 22800 | C10: =C9*12 -> 27600 | D10: =D9*12 -> 45600 | E10: =E9*12 -> 73200 | F10: =F9*12 -> 78000 | G10: =G9*12 -> 81600 | H10: =H9*12 -> 96000 | I10: =I9*12 -> 96000 | ... M10: =M9*12 -> 78000
A11: Deferred Revenue (end) | B11: ='Deferred Rev'!E5 -> 20900 | C11: ='Deferred Rev'!E6 -> 23400 | D11: ='Deferred Rev'!E7 -> 37600 | E11: ='Deferred Rev'!E8 -> 50300 | F11: ='Deferred Rev'!E9 -> 49400 | G11: ='Deferred Rev'!E10 -> 43700 | H11: ='Deferred Rev'!E11 -> 36500 | I11: ='Deferred Rev'!E12 -> 33500 | J11: ='Deferred Rev'!E13 -> 21700 | K11: ='Deferred Rev'!E14 -> 17700 | L11: ='Deferred Rev'!E15 -> 13700 | M11: ='Deferred Rev'!E16 -> 9700
A12: Net Rev. Retention (cohort) | B12: ='NRR Cohort'!B15 -> 1 | C12: ='NRR Cohort'!C15 -> 1 | D12: ='NRR Cohort'!D15 -> 1 | E12: ='NRR Cohort'!E15 -> 1 | F12: ='NRR Cohort'!F15 -> 1 | G12: ='NRR Cohort'!G15 -> 1.1052632 | H12: ='NRR Cohort'!H15 -> 0.94736842 | I12: ='NRR Cohort'!I15 -> 0.94736842 | ... M12: ='NRR Cohort'!M15 -> 0.94736842
A14: How each metric is derived (all figures are point-in-time — they reflect only what has happened up to each month):
A15: • Recognized (this mo.) = sum of every customer's recognized revenue that month (Recognized Rev sheet, TOTAL row). Includes usage, fixed fees, and any forfeit release.
A16: • Usage Rev. (this mo.) = pure metered usage only, excluding fixed platform fees (Usage Rev sheet).
A17: • Forfeit bump = one-time deferred released to revenue when an annual contract churns non-refundably. Shown separately so MRR stays a clean run-rate.
A18: • MRR expansion/contraction (memo) = cumulative recurring MRR change from upgrades/downgrades to date. Memo only — it is already inside Recognized, so it is not re-added.
A19: • MRR = Recognized − pure Usage − Forfeit bump. Expansion/contraction flows in through Recognized automatically. The recurring monthly run-rate.
A20: • ARR = MRR × 12.
A21: • Deferred Revenue (end) = cumulative Bookings − Recognized − Refunds, floored at 0 (Deferred Rev sheet).
A22: • Net Rev. Retention (cohort) = cohort walk on the customers active in January, as of each month. See the NRR Cohort sheet for the full calculation.

Sheet NRR Cohort
A1: Net Revenue Retention — cohort walk (point-in-time)
A2: Cohort = customers active in January. Each month shows only events that have happened by then: future churn/expansion does not appear early. NRR = (Start + Expansion - Contraction - Churn) / Start.
A4: Cohort members (active in January):
A5: Customer | B5: Starting MRR | C5: Event | D5: Event Month | E5: Delta
A6: Aurora Retail | B6: 400 | C6: Expansion | D6: Jun | E6: 200
A7: Beacon Health | B7: 1500 | C7: Contraction | D7: Jul | E7: -300
A8: Monthly cohort walk (as of each month):
A9: Component | B9: Jan | C9: Feb | D9: Mar | E9: Apr | F9: May | G9: Jun | H9: Jul | I9: Aug | J9: Sep | K9: Oct | L9: Nov | M9: Dec
A10: Starting MRR | B10: =1900 -> 1900 | C10: =1900 -> 1900 | D10: =1900 -> 1900 | E10: =1900 -> 1900 | F10: =1900 -> 1900 | G10: =1900 -> 1900 | H10: =1900 -> 1900 | I10: =1900 -> 1900 | ... M10: =1900 -> 1900
A11: Expansion (+) | B11: =0 -> 0 | C11: =0 -> 0 | D11: =0 -> 0 | E11: =0 -> 0 | F11: =0 -> 0 | G11: =200 -> 200 | H11: =200 -> 200 | I11: =200 -> 200 | J11: =200 -> 200 | K11: =200 -> 200 | L11: =200 -> 200 | M11: =200 -> 200
A12: Contraction (-) | B12: =0 -> 0 | C12: =0 -> 0 | D12: =0 -> 0 | E12: =0 -> 0 | F12: =0 -> 0 | G12: =0 -> 0 | H12: =300 -> 300 | I12: =300 -> 300 | J12: =300 -> 300 | K12: =300 -> 300 | L12: =300 -> 300 | M12: =300 -> 300
A13: Churn (-) | B13: =0 -> 0 | C13: =0 -> 0 | D13: =0 -> 0 | E13: =0 -> 0 | F13: =0 -> 0 | G13: =0 -> 0 | H13: =0 -> 0 | I13: =0 -> 0 | ... M13: =0 -> 0
A14: Ending MRR (=) | B14: =B10+B11-B12-B13 -> 1900 | C14: =C10+C11-C12-C13 -> 1900 | D14: =D10+D11-D12-D13 -> 1900 | E14: =E10+E11-E12-E13 -> 1900 | F14: =F10+F11-F12-F13 -> 1900 | G14: =G10+G11-G12-G13 -> 2100 | H14: =H10+H11-H12-H13 -> 1800 | I14: =I10+I11-I12-I13 -> 1800 | ... M14: =M10+M11-M12-M13 -> 1800
A15: NRR | B15: =IF(B10=0,1,B14/B10) -> 1 | C15: =IF(C10=0,1,C14/C10) -> 1 | D15: =IF(D10=0,1,D14/D10) -> 1 | E15: =IF(E10=0,1,E14/E10) -> 1 | F15: =IF(F10=0,1,F14/F10) -> 1 | G15: =IF(G10=0,1,G14/G10) -> 1.1052632 | H15: =IF(H10=0,1,H14/H10) -> 0.94736842 | I15: =IF(I10=0,1,I14/I10) -> 0.94736842 | ... M15: =IF(M10=0,1,M14/M10) -> 0.94736842
